"Symbol","Name","LastSale","MarketCap","ADR TSO","IPOyear","Sector","industry","Summary Quote",
"FAX","Aberdeen Asia-Pacific Income Fund Inc","7.77","2027783520","n/a","1986","n/a","n/a","http://www.nasdaq.com/symbol/fax",
"IAF","Aberdeen Australia Equity Fund Inc","10.1","227997400","n/a","1985","n/a","n/a","http://www.nasdaq.com/symbol/iaf",
"CH","Aberdeen Chile Fund, Inc.","15.86","147196660","n/a","n/a","n/a","n/a","http://www.nasdaq.com/symbol/ch",
"ETF","Aberdeen Emerging Markets Telecommunications and Infrastructur","19.2","158342400","n/a","1992","n/a","n/a","http://www.nasdaq.com/symbol/etf",
"FCO","Aberdeen Global Income Fund, Inc.","13.98","125694180","n/a","1992","n/a","n/a","http://www.nasdaq.com/symbol/fco",
"IF","Aberdeen Indonesia Fund, Inc.","12.96","107205120","n/a","1990","n/a","n/a","http://www.nasdaq.com/symbol/if",
"ISL","Aberdeen Israel Fund, Inc.","11.92","50934160","n/a","1992","n/a","n/a","http://www.nasdaq.com/symbol/isl",
"AXK","Accelr8 Technology Corporation","3.21","35640630","n/a","n/a","Capital Goods","Biotechnology: Laboratory Analytical Instruments","http://www.nasdaq.com/symbol/axk",
"ACU","Acme United Corporation.","10.59","32860770","n/a","1988","Capital Goods","Industrial Machinery/Components","http://www.nasdaq.com/symbol/acu",
"AQ            ","Acquity Group Limited","9.5","0","n/a","n/a","Miscellaneous","Business Services","http://www.nasdaq.com/symbol/aq            ",
"AE","Adams Resources & Energy, Inc.","42.77","180403860","n/a","n/a","Energy","Oil Refining/Marketing","http://www.nasdaq.com/symbol/ae",
"ADK","Adcare Health Systems Inc","3.7","49284000","n/a","n/a","Health Care","Hospital/Nursing Management","http://www.nasdaq.com/symbol/adk",
"API","Advanced Photonix, Inc.","0.63","19631430","n/a","n/a","Technology","Semiconductors","http://www.nasdaq.com/symbol/api",
"ANX","ADVENTRX Pharmaceuticals, Inc.","0.74","35309840","n/a","n/a","Consumer Durables","Major Pharmaceuticals","http://www.nasdaq.com/symbol/anx",
"ACY","AeroCentury Corp.","11.66","17991380","n/a","n/a","Technology","Diversified Commercial Services","http://www.nasdaq.com/symbol/acy",
"AIM","Aerosonic Corporation","3.51","13474890","n/a","n/a","Capital Goods","Industrial Machinery/Components","http://www.nasdaq.com/symbol/aim",
"AA^","Alcoa Inc.","85.9499","56726934","n/a","n/a","Capital Goods","Metal Fabrications","http://www.nasdaq.com/symbol/aa^",
"AXX","Alderon Iron Ore Corp.","2.4802","210117583.6","n/a","n/a","Basic Industries","Precious Metals","http://www.nasdaq.com/symbol/axx",
"AXU","Alexco Resource Corp","4.02","240950760","n/a","n/a","Basic Industries","Precious Metals","http://www.nasdaq.com/symbol/axu",
"ANV","Allied Nevada Gold Corp","26.45","2377722750","n/a","n/a","Basic Industries","Precious Metals","http://www.nasdaq.com/symbol/anv",
"AAU","Almaden Minerals, Ltd.","1.91","112923020","n/a","n/a","Basic Industries","Precious Metals","http://www.nasdaq.com/symbol/aau",
"APT","Alpha Pro Tech, Ltd.","1.4","29359400","n/a","n/a","Health Care","Industrial Specialties","http://www.nasdaq.com/symbol/apt",
"DIT","AMCON Distributing Company","64.34","39118720","n/a","n/a","Consumer Non-Durables","Food Distributors","http://www.nasdaq.com/symbol/dit",
"APP","American Apparel Inc","0.88","93189360","n/a","1994","Finance","Business Services","http://www.nasdaq.com/symbol/app",
"ADGE","American DG Energy Inc.","1.86","86677860","n/a","n/a","Energy","Electric Utilities: Central","http://www.nasdaq.com/symbol/adge",
"ALN","American Lorain Corporation","1.07","36923560","n/a","n/a","Consumer Non-Durables","Packaged Foods","http://www.nasdaq.com/symbol/aln",
"AMS","American Shared Hospital Services","2.95","13605400","n/a","n/a","Health Care","Medical Specialities","http://www.nasdaq.com/symbol/ams",
"AQQ","American Spectrum Realty, Inc.","3.67","13131260","n/a","n/a","Consumer Services","Real Estate Investment Trusts","http://www.nasdaq.com/symbol/aqq",
"BRD","Apollo Gold Corporation","0.81","163230390","n/a","n/a","Basic Industries","Precious Metals","http://www.nasdaq.com/symbol/brd",
"AGX","Argan, Inc.","15.34","209513720","n/a","n/a","Basic Industries","Engineering & Construction","http://www.nasdaq.com/symbol/agx",
"ARR/WS","Armour Residential R","0.033","0","n/a","n/a","n/a","n/a","http://www.nasdaq.com/symbol/arr/ws",
"HRT","Arrhythmia Research Technology Inc.","2.95","8233450","n/a","n/a","Health Care","Biotechnology: Electromedical & Electrotherapeutic Apparatus","http://www.nasdaq.com/symbol/hrt",
"ATC","ATC Venture Group Inc.","0.16","1134560","n/a","1986","Capital Goods","Auto Parts:O.E.M.","http://www.nasdaq.com/symbol/atc",
"ATL","Atlatsa Resources Corporation","0.1451","29293948.8","n/a","1986","Basic Industries","Precious Metals","http://www.nasdaq.com/symbol/atl",
"AZC","Augusta Resource Corporation","1.79","256256400","n/a","n/a","Basic Industries","Precious Metals","http://www.nasdaq.com/symbol/azc",
"AZK","Aurizon Mines, Ltd.","4.47","728931840","n/a","n/a","Basic Industries","Precious Metals","http://www.nasdaq.com/symbol/azk",
"AWX","Avalon Holdings Corporation","4.12","13146920","n/a","n/a","Public Utilities","Environmental Services","http://www.nasdaq.com/symbol/awx",
"AVL","Avalon Rare Metals, Inc.","1.45","148796100","n/a","1980","n/a","n/a","http://www.nasdaq.com/symbol/avl",
"ASM","Avino Silver","1.26","34105680","n/a","1992","Basic Industries","Precious Metals","http://www.nasdaq.com/symbol/asm",
"BONE","Bacterin International Holdings, Inc.","1.74","73861260","n/a","n/a","Health Care","Biotechnology: Biological Products (No Diagnostic Substances)","http://www.nasdaq.com/symbol/bone",
"BKR","Baker (Michael) Corporation","25.61","246240150","n/a","n/a","Consumer Services","Other Consumer Services","http://www.nasdaq.com/symbol/bkr",
"BTN","Ballantyne Strong, Inc","5.47","76787860","n/a","1995","Miscellaneous","Industrial Machinery/Components","http://www.nasdaq.com/symbol/btn",
"BKJ","Bancorp of New Jersey, Inc","9.74","50716180","n/a","n/a","Finance","Major Banks","http://www.nasdaq.com/symbol/bkj",
"BCV","Bancroft Convertible Fund, Inc.","15.97","84896520","n/a","n/a","n/a","n/a","http://www.nasdaq.com/symbol/bcv",
"BAA","BANRO CORPORATION","3.45","691728450","n/a","n/a","Basic Industries","Precious Metals","http://www.nasdaq.com/symbol/baa",
"BHB","Bar Harbor Bankshares, Inc.","35.75","139067500","n/a","n/a","Finance","Major Banks","http://www.nasdaq.com/symbol/bhb",
"BRN","Barnwell Industries, Inc.","3.05","25244850","n/a","n/a","Energy","Oil & Gas Production","http://www.nasdaq.com/symbol/brn",
"BIR^A","Berkshire Income Realty, Inc.","27.8292","82875357.6","n/a","n/a","n/a","n/a","http://www.nasdaq.com/symbol/bir^a",
"BTX","BioTime, Inc.","4.41","222008220","n/a","n/a","Health Care","Biotechnology: Biological Products (No Diagnostic Substances)","http://www.nasdaq.com/symbol/btx",
"BMJ","Birks & Mayors Inc.","1.18","4335320","n/a","n/a","Consumer Services","Consumer Specialties","http://www.nasdaq.com/symbol/bmj",
"BZM","BlackRock Maryland Municipal Bond Trust","18.75","38812500","n/a","2002","n/a","n/a","http://www.nasdaq.com/symbol/bzm",
"BLE","BlackRock Municipal Income Trust II","16.55","386889350","n/a","1992","n/a","n/a","http://www.nasdaq.com/symbol/ble",
"BLJ","Blackrock New Jersey Municipal Bond Trust","18","41778000","n/a","2002","n/a","n/a","http://www.nasdaq.com/symbol/blj",
"BFY","BlackRock New York Municipal Income Trust II","16.96","84359040","n/a","2002","n/a","n/a","http://www.nasdaq.com/symbol/bfy",
"BPS","BlackRock Pennsylvania Strategic Municipal Trust (The)","15.29","30992830","n/a","1994","n/a","n/a","http://www.nasdaq.com/symbol/bps",
"BHV","BlackRock Virginia Municipal Bond Trust","19.809","31278411","n/a","2002","n/a","n/a","http://www.nasdaq.com/symbol/bhv",
"BDR","Blonder Tongue Laboratories, Inc.","1.1","6837600","n/a","1995","Technology","Radio And Television Broadcasting And Communications Equipment","http://www.nasdaq.com/symbol/bdr",
"BVX","Bovie Medical Corporation","2.24","39807040","n/a","n/a","Health Care","Medical/Dental Instruments","http://www.nasdaq.com/symbol/bvx",
"BWL/A","Bowl America, Inc.","12.5011","46041551.3","n/a","n/a","Consumer Services","Services-Misc. Amusement & Recreation","http://www.nasdaq.com/symbol/bwl/a",
"BZC","Breeze-Eastern Corporation","7.33","69561700","n/a","n/a","Capital Goods","Military/Government/Technical","http://www.nasdaq.com/symbol/bzc",
"BTI","British American Tobacco  Industries, p.l.c.","105.35","4100643400","n/a","n/a","Consumer Non-Durables","Farming/Seeds/Milling","http://www.nasdaq.com/symbol/bti",
"CAK","CAMAC Energy Inc.","0.6","93237000","n/a","n/a","Energy","Oil & Gas Production","http://www.nasdaq.com/symbol/cak",
"CDY","Cardero Resource Corporation","0.8601","78714631.8","n/a","n/a","Basic Industries","Precious Metals","http://www.nasdaq.com/symbol/cdy",
"CXM","Cardium Therapeutics, Inc.","0.2387","28552577.9","n/a","n/a","Health Care","Biotechnology: Biological Products (No Diagnostic Substances)","http://www.nasdaq.com/symbol/cxm",
"ROX","Castle Brands, Inc.","0.27","29290950","n/a","2006","Consumer Non-Durables","Beverages (Production/Distribution)","http://www.nasdaq.com/symbol/rox",
"CAW","CCA Industries, Inc.","4.682","28499334","n/a","n/a","Consumer Non-Durables","Package Goods/Cosmetics","http://www.nasdaq.com/symbol/caw",
"CVM","Cel-Sci Corporation","0.376","96518448","n/a","n/a","Health Care","Biotechnology: Biological Products (No Diagnostic Substances)","http://www.nasdaq.com/symbol/cvm",
"CEF","Central Fund of Canada Limited","19.31","4601244730","n/a","n/a","n/a","n/a","http://www.nasdaq.com/symbol/cef",
"GTU","Central Gold Trust","60.4","659447200","n/a","n/a","n/a","n/a","http://www.nasdaq.com/symbol/gtu",
"CET","Central Securities Corporation","19.8999","457797199.5","n/a","n/a","n/a","n/a","http://www.nasdaq.com/symbol/cet",
"CCF","Chase Corporation","16.05","145300650","n/a","n/a","Consumer Durables","Building Products","http://www.nasdaq.com/symbol/ccf",
"CQP","Cheniere Energy Partners, LP","25.5","797334000","n/a","2007","Public Utilities","Oil/Gas Transmission","http://www.nasdaq.com/symbol/cqp",
"LNG","Cheniere Energy, Inc.","13.78","2142018320","n/a","n/a","Public Utilities","Oil/Gas Transmission","http://www.nasdaq.com/symbol/lng",
"CVR","Chicago Rivet & Machine Co.","18.75","18112500","n/a","n/a","Technology","Industrial Machinery/Components","http://www.nasdaq.com/symbol/cvr",
"AXN","China Aoxing Pharmaceutical Company, Inc.","0.3101","15340336.9","n/a","n/a","Consumer Durables","Major Pharmaceuticals","http://www.nasdaq.com/symbol/axn",
"CNAM","China Armco Metals, Inc.","0.3566","6111054.2","n/a","n/a","Consumer Durables","Steel/Iron Ore","http://www.nasdaq.com/symbol/cnam",
"CBP","China Botanic Pharmaceutical Inc.","0.6699","24947076","n/a","n/a","Consumer Durables","Major Pharmaceuticals","http://www.nasdaq.com/symbol/cbp",
"CHGS","China GengSheng Minerals, Inc.","0.43","11525290","n/a","n/a","Consumer Durables","Miscellaneous manufacturing industries","http://www.nasdaq.com/symbol/chgs",
"CMFO","China Marine Food Group Limited","0.76","22570480","n/a","n/a","Consumer Non-Durables","Packaged Foods","http://www.nasdaq.com/symbol/cmfo",
"CNR","China Metro-Rural Holdings Limited","0.98","72073120","n/a","n/a","Finance","Real Estate","http://www.nasdaq.com/symbol/cnr",
"CPHI","China Pharma Holdings, Inc.","0.3149","13707597","n/a","n/a","Consumer Durables","Major Pharmaceuticals","http://www.nasdaq.com/symbol/cphi",
"SHZ","China Shen Zhou Mining & Resources, Inc.","0.74","28377520","n/a","n/a","Basic Industries","Precious Metals","http://www.nasdaq.com/symbol/shz",
"CRC","Chromcraft Revington, Inc.","1.19","7718340","n/a","1992","Consumer Durables","Home Furnishings","http://www.nasdaq.com/symbol/crc",
"MBA","CIBT Education Group Inc.","0.23","16548270","n/a","1992","Consumer Services","Other Consumer Services","http://www.nasdaq.com/symbol/mba",
"CKX","CKX Lands, Inc.","16.3001","31654794.2","n/a","n/a","Energy","Oil & Gas Production","http://www.nasdaq.com/symbol/ckx",
"CGR","Claude Resources, Inc.","0.5847","96259161","n/a","n/a","Basic Industries","Precious Metals","http://www.nasdaq.com/symbol/cgr",
"GLV","Clough Global Allocation Fund","12.93","134924550","n/a","2004","n/a","n/a","http://www.nasdaq.com/symbol/glv",
"GLQ","Clough Global Equity Fund","11.86","211594260","n/a","2005","n/a","n/a","http://www.nasdaq.com/symbol/glq",
"GLO","Clough Global Opportunities Fund","10.72","554620640","n/a","1988","n/a","n/a","http://www.nasdaq.com/symbol/glo",
"CRV","Coast Distribution System, Inc. (The)","1.9501","9612042.9","n/a","n/a","Capital Goods","Automotive Aftermarket","http://www.nasdaq.com/symbol/crv",
"MOC","Command Security Corporation","1.11","10729260","n/a","n/a","Consumer Services","Diversified Commercial Services","http://www.nasdaq.com/symbol/moc",
"BTC","Community Bankers Trust Corporation.","1.97","42607160","n/a","n/a","Finance","Major Banks","http://www.nasdaq.com/symbol/btc",
"CIX","CompX International Inc.","12.15","28989900","n/a","1998","Capital Goods","Industrial Machinery/Components","http://www.nasdaq.com/symbol/cix",
"LODE","Comstock Mining, Inc.","3.08","121653840","n/a","n/a","Basic Industries","Precious Metals","http://www.nasdaq.com/symbol/lode",
"CONM","Conmed Healthcare Management, Inc.","3.911","54398099","n/a","n/a","Health Care","Hospital/Nursing Management","http://www.nasdaq.com/symbol/conm",
"CTO","Consolidated-Tomoka Land Co.","28.34","165675640","n/a","n/a","Finance","Real Estate","http://www.nasdaq.com/symbol/cto",
"CEP","Constellation Energy Partners, LLC","1.34","31753980","n/a","n/a","Energy","Oil & Gas Production","http://www.nasdaq.com/symbol/cep",
"MCF","Contango Oil & Gas Company","58.65","900688050","n/a","1990","Energy","Oil & Gas Production","http://www.nasdaq.com/symbol/mcf",
"CUO","Continental Materials Corporation","13.85","22644750","n/a","n/a","Capital Goods","Building Materials","http://www.nasdaq.com/symbol/cuo",
"CMT","Core Molding Technologies Inc","8","58440000","n/a","1992","Consumer Non-Durables","Plastic Products","http://www.nasdaq.com/symbol/cmt",
"CRMD","CorMedix Inc","0.24","2737920","n/a","n/a","Consumer Durables","Major Pharmaceuticals","http://www.nasdaq.com/symbol/crmd",
"CRMD/WS","CorMedix Inc","0.025","0","n/a","n/a","n/a","n/a","http://www.nasdaq.com/symbol/crmd/ws",
"CFP","Cornerstone Progressive Return Fund","5.18","81300100","n/a","n/a","n/a","n/a","http://www.nasdaq.com/symbol/cfp",
"CRF","Cornerstone Strategic Return Fund, Inc. (The)","6.3105","41567263.5","n/a","1994","n/a","n/a","http://www.nasdaq.com/symbol/crf",
"CLM","Cornerstone Strategic Value Fund, Inc.","7.07","101602970","n/a","1987","n/a","n/a","http://www.nasdaq.com/symbol/clm",
"COVR","Cover-All Technologies Inc.","1.401","36227058","n/a","n/a","Technology","Computer Software: Prepackaged Software","http://www.nasdaq.com/symbol/covr",
"CVU","CPI Aerostructures, Inc.","11.19","78419520","n/a","n/a","Capital Goods","Military/Government/Technical","http://www.nasdaq.com/symbol/cvu",
"CIK","Credit Suisse Asset Management Income Fund, Inc.","3.87","193681890","n/a","n/a","n/a","n/a","http://www.nasdaq.com/symbol/cik",
"DHY","Credit Suisse High Yield Bond Fund","3.18","239225040","n/a","1998","n/a","n/a","http://www.nasdaq.com/symbol/dhy",
"EXE","Crexendo, Inc.","3.75","39836250","n/a","n/a","Technology","EDP Services","http://www.nasdaq.com/symbol/exe",
"CXZ","Crosshair Energy Corp","0.205","9732785","n/a","n/a","Basic Industries","Mining & Quarrying of Nonmetallic Minerals (No Fuels)","http://www.nasdaq.com/symbol/cxz",
"CRVP","Crystal Rock Holdings, Inc.","1.01","21602890","n/a","n/a","Consumer Non-Durables","Food Distributors","http://www.nasdaq.com/symbol/crvp",
"CTP","CTPartners Executive Search Inc.","5.37","38304210","n/a","2010","Technology","Diversified Commercial Services","http://www.nasdaq.com/symbol/ctp",
"QBC","Cubic Energy Inc","0.2799","21612758.4","n/a","n/a","Energy","Oil & Gas Production","http://www.nasdaq.com/symbol/qbc",
"DXR","Daxor Corporation","9.18","38519280","n/a","n/a","Health Care","Medical/Dental Instruments","http://www.nasdaq.com/symbol/dxr",
"DEJ","Dejour Energy Inc.","0.227","29688422","n/a","n/a","Energy","Oil & Gas Production","http://www.nasdaq.com/symbol/dej",
"VCF","Delaware Investments Colorado Municipal Income Fund, Inc","15.96","77198520","n/a","1993","n/a","n/a","http://www.nasdaq.com/symbol/vcf",
"VFL","Delaware Investments Florida Insured Municipal Income Fund","13.7604","62307091.2","n/a","1993","n/a","n/a","http://www.nasdaq.com/symbol/vfl",
"VMM","Delaware Investments Minnesota Municipal Income Fund II, Inc.","15.06","173265300","n/a","1993","n/a","n/a","http://www.nasdaq.com/symbol/vmm",
"DLA","Delta Apparel, Inc.","13.87","117201500","n/a","n/a","Consumer Non-Durables","Apparel","http://www.nasdaq.com/symbol/dla",
"DNN","Denison Mine Corp","1.36","523138960","n/a","n/a","Basic Industries","Precious Metals","http://www.nasdaq.com/symbol/dnn",
"DGSE","DGSE Companies, Inc.","7.43","83364600","n/a","n/a","Consumer Services","Consumer Specialties","http://www.nasdaq.com/symbol/dgse",
"DPW","Digital Power Corporation","1.09","7466500","n/a","n/a","Capital Goods","Industrial Machinery/Components","http://www.nasdaq.com/symbol/dpw",
"DSS","Document Security Systems, Inc.","4.03","83566080","n/a","n/a","Technology","EDP Services","http://www.nasdaq.com/symbol/dss",
"DMF","Dreyfus Municipal Income, Inc.","10.78","222596220","n/a","1988","n/a","n/a","http://www.nasdaq.com/symbol/dmf",
"GRF","Eagle Capital Growth Fund, Inc.","6.57","20531250","n/a","n/a","n/a","n/a","http://www.nasdaq.com/symbol/grf",
"ESTE","Earthstone Energy, Inc.","15.9","27141300","n/a","n/a","Energy","Oil & Gas Production","http://www.nasdaq.com/symbol/este",
"EVM","Eaton Vance California Municipal Bond Fund","12.61","274343160","n/a","2002","n/a","n/a","http://www.nasdaq.com/symbol/evm",
"EIA","Eaton Vance California Municipal Bond Fund II","13.1901","51217158.3","n/a","2002","n/a","n/a","http://www.nasdaq.com/symbol/eia",
"CEV","Eaton Vance California Municipal Income Trust","13.9529","101074807.6","n/a","1999","n/a","n/a","http://www.nasdaq.com/symbol/cev",
"EVV","Eaton Vance Limited Duration Income Fund","16.56","1943216640","n/a","2003","n/a","n/a","http://www.nasdaq.com/symbol/evv",
"MAB","Eaton Vance Massachusetts Municipal Bond Fund","15.9001","28095476.7","n/a","2002","n/a","n/a","http://www.nasdaq.com/symbol/mab",
"MMV","Eaton Vance Massachusetts Municipal Income Trust","15.39","42276330","n/a","1999","n/a","n/a","http://www.nasdaq.com/symbol/mmv",
"MIW","Eaton Vance Michigan Municipal Bond Fund","15.8641","24002383.3","n/a","2002","n/a","n/a","http://www.nasdaq.com/symbol/miw",
"EMI","Eaton Vance Michigan Municipal Income Trust","13.7699","29137108.4","n/a","1999","n/a","n/a","http://www.nasdaq.com/symbol/emi",
"EIM","Eaton Vance Municipal Bond Fund","13.77","938067480","n/a","2002","n/a","n/a","http://www.nasdaq.com/symbol/eim",
"EIV","Eaton Vance Municipal Bond Fund II","13.97","139700000","n/a","2002","n/a","n/a","http://www.nasdaq.com/symbol/eiv",
"EMJ","Eaton Vance New Jersey Municipal Bond Fund","15.1099","39300849.9","n/a","2002","n/a","n/a","http://www.nasdaq.com/symbol/emj",
"EVJ","Eaton Vance New Jersey Municipal Income Trust","14.89","69461850","n/a","1999","n/a","n/a","http://www.nasdaq.com/symbol/evj",
"ENX","Eaton Vance New York Municipal Bond Fund","14.27","226664680","n/a","2002","n/a","n/a","http://www.nasdaq.com/symbol/enx",
"NYH","Eaton Vance New York Municipal Bond Fund II","13.7201","35192056.5","n/a","2002","n/a","n/a","http://www.nasdaq.com/symbol/nyh",
"EVY","Eaton Vance New York Municipal Income Trust","15.22","83131640","n/a","1999","n/a","n/a","http://www.nasdaq.com/symbol/evy",
"EIO","Eaton Vance Ohio Municipal Bond Fund","15.25","38628250","n/a","2002","n/a","n/a","http://www.nasdaq.com/symbol/eio",
"EVO","Eaton Vance Ohio Municipal Income Trust","15.05","42967750","n/a","1999","n/a","n/a","http://www.nasdaq.com/symbol/evo",
"EIP","Eaton Vance Pennsylvania Municipal Bond Fund","15.3399","45360084.3","n/a","2002","n/a","n/a","http://www.nasdaq.com/symbol/eip",
"EVP","Eaton Vance Pennsylvania Municipal Income Trust","14.13","38391210","n/a","1999","n/a","n/a","http://www.nasdaq.com/symbol/evp",
"ECBE","ECB Bancorp Inc","9.1499","26077215","n/a","n/a","Finance","Major Banks","http://www.nasdaq.com/symbol/ecbe",
"ELMD","Electromed, Inc.","2.2","17850800","n/a","2010","Health Care","Biotechnology: Electromedical & Electrotherapeutic Apparatus","http://www.nasdaq.com/symbol/elmd",
"ETAK","Elephant Talk Communications Inc","1.25","142482500","n/a","n/a","Public Utilities","Telecommunications Equipment","http://www.nasdaq.com/symbol/etak",
"ELLO","Ellomay Capital Ltd.","5.15","55305850","n/a","n/a","Capital Goods","Industrial Machinery/Components","http://www.nasdaq.com/symbol/ello",
"ECF","Ellsworth Convertible Growth and Income Fund, Inc.","7.06","94985240","n/a","1986","n/a","n/a","http://www.nasdaq.com/symbol/ecf",
"EMAN","eMagin Corporation","3.06","72026280","n/a","n/a","Technology","Semiconductors","http://www.nasdaq.com/symbol/eman",
"MSN","Emerson Radio Corporation","2.07","56159100","n/a","n/a","Consumer Non-Durables","Consumer Electronics/Appliances","http://www.nasdaq.com/symbol/msn",
"ESA","Energy Services Acquisition Corp","2.09","30194230","n/a","n/a","Public Utilities","Water Supply","http://www.nasdaq.com/symbol/esa",
"ENA","Enova Systems Inc.","0.0441","1954379.7","n/a","n/a","Capital Goods","Electrical Products","http://www.nasdaq.com/symbol/ena",
"EGT","Entertainment Gaming Asia Incorporated","2.2082","66071552.2","n/a","n/a","Consumer Durables","Miscellaneous manufacturing industries","http://www.nasdaq.com/symbol/egt",
"EGI","Entree Gold Inc","0.6072","77124722.4","n/a","n/a","Basic Industries","Precious Metals","http://www.nasdaq.com/symbol/egi",
"EVI","EnviroStarm, Inc.","1.28","9003520","n/a","n/a","Consumer Services","Other Consumer Services","http://www.nasdaq.com/symbol/evi",
"ERB","ERBA Diagnostics, Inc.","0.61","21345120","n/a","1983","Consumer Durables","Major Pharmaceuticals","http://www.nasdaq.com/symbol/erb",
"ESP","Espey Mfg. & Electronics Corp.","29","67309000","n/a","n/a","Capital Goods","Industrial Machinery/Components","http://www.nasdaq.com/symbol/esp",
"ETUA","eUnits 2 Year U.S. Market Participation Trust","10.01","0","n/a","n/a","n/a","n/a","http://www.nasdaq.com/symbol/etua",
"ETUB","eUnits 2 Year U.S. Market Participation Trust","10.8","0","n/a","n/a","n/a","n/a","http://www.nasdaq.com/symbol/etub",
"EMXX","Eurasian Minerals Inc.","1.7","88801200","n/a","n/a","Basic Industries","Precious Metals","http://www.nasdaq.com/symbol/emxx",
"EVBN","Evans Bancorp, Inc.","16.47","68119920","n/a","n/a","Finance","Major Banks","http://www.nasdaq.com/symbol/evbn",
"EVK","Ever-Glory International Group, Inc.","1.59","23477940","n/a","n/a","Consumer Non-Durables","Apparel","http://www.nasdaq.com/symbol/evk",
"EPM","Evolution Petroleum Corporation, Inc.","8.81","245067770","n/a","n/a","Energy","Oil & Gas Production","http://www.nasdaq.com/symbol/epm",
"EPM^A","Evolution Petroleum Corporation, Inc.","27.1999","0","n/a","n/a","n/a","n/a","http://www.nasdaq.com/symbol/epm^a",
"XRA","Exeter Resource Corporation","1.33","117340580","n/a","n/a","Basic Industries","Mining & Quarrying of Nonmetallic Minerals (No Fuels)","http://www.nasdaq.com/symbol/xra",
"XG","Extorre Gold Mines Ltd.","4.09","396398710","n/a","n/a","Basic Industries","Precious Metals","http://www.nasdaq.com/symbol/xg",
"FPP","FieldPoint Petroleum Corporation","4.18","33481800","n/a","n/a","Energy","Oil & Gas Production","http://www.nasdaq.com/symbol/fpp",
"FPP/WS","FieldPoint Petroleum Corporation","0.864","0","n/a","n/a","n/a","n/a","http://www.nasdaq.com/symbol/fpp/ws",
"MXN","First American Minnesota Municipal Income Fund II, Inc.","17.9","26366700","n/a","2002","n/a","n/a","http://www.nasdaq.com/symbol/mxn",
"FEN","First Trust Energy Income and Growth Fund","32.18","454059800","n/a","2004","n/a","n/a","http://www.nasdaq.com/symbol/fen",
"FWV","First West Virginia Bancorp, Inc.","16.14","26679420","n/a","n/a","Finance","Major Banks","http://www.nasdaq.com/symbol/fwv",
"BDL","Flanigan&#39;s Enterprises, Inc.","8.06","14991600","n/a","n/a","Consumer Services","Restaurants","http://www.nasdaq.com/symbol/bdl",
"FSI","Flexible Solutions International Inc.","1.2499","16461183","n/a","1998","Basic Industries","Major Chemicals","http://www.nasdaq.com/symbol/fsi",
"FFI","Fortune Diversified Industries, Inc.","0.1397","1716493.9","n/a","1983","Consumer Services","Telecommunications Equipment","http://www.nasdaq.com/symbol/ffi",
"FSP","Franklin Street Properties Corp.","10.59","878302830","n/a","n/a","Consumer Services","Real Estate Investment Trusts","http://www.nasdaq.com/symbol/fsp",
"FTF","Franklin Templeton Limited Duration Income Trust","14.21","380643270","n/a","2003","n/a","n/a","http://www.nasdaq.com/symbol/ftf",
"FOH","Frederick&#39;s of Hollywood Group","0.36","14027400","n/a","n/a","Consumer Non-Durables","Apparel","http://www.nasdaq.com/symbol/foh",
"FRD","Friedman Industries Inc.","9.98","67854020","n/a","1972","Capital Goods","Steel/Iron Ore","http://www.nasdaq.com/symbol/frd",
"FRS","Frisch&#39;s Restaurants, Inc.","27.53","135943140","n/a","n/a","Consumer Services","Restaurants","http://www.nasdaq.com/symbol/frs",
"FLL","Full House Resorts, Inc.","2.68","50046320","n/a","n/a","Consumer Services","Hotels/Resorts","http://www.nasdaq.com/symbol/fll",
"GLU","Gabelli Global Utility","20.8365","64155583.5","n/a","2004","n/a","n/a","http://www.nasdaq.com/symbol/glu",
"GGN","GAMCO Global Gold, Natural Reources & Income Trust by Gabelli","13.3","1001968800","n/a","2005","n/a","n/a","http://www.nasdaq.com/symbol/ggn",
"GGN^A","GAMCO Global Gold, Natural Reources & Income Trust by Gabelli","25.55","101075800","n/a","n/a","n/a","n/a","http://www.nasdaq.com/symbol/ggn^a",
"EGAS","Gas Natural Inc.","10.07","82130920","n/a","n/a","Public Utilities","Oil/Gas Transmission","http://www.nasdaq.com/symbol/egas",
"GSX","GASCO ENERGY INC","0.17","28815000","n/a","n/a","Energy","Oil & Gas Production","http://www.nasdaq.com/symbol/gsx",
"GST","Gastar Exploration","1.86","122283840","n/a","n/a","Energy","Oil & Gas Production","http://www.nasdaq.com/symbol/gst",
"GST^A","Gastar Exploration","19.183","0","n/a","n/a","n/a","n/a","http://www.nasdaq.com/symbol/gst^a",
"JOB","General Employment Enterprises, Inc.","0.43","9331000","n/a","n/a","Technology","Diversified Commercial Services","http://www.nasdaq.com/symbol/job",
"GMO","General Moly, Inc","3.08","280960680","n/a","n/a","Basic Industries","Precious Metals","http://www.nasdaq.com/symbol/gmo",
"GGR","GeoGlobal Resources Inc.","0.3","40347000","n/a","n/a","Energy","Oil & Gas Production","http://www.nasdaq.com/symbol/ggr",
"GOK","Geokinetics, Inc.","0.358","6809876","n/a","n/a","Energy","Oil & Gas Production","http://www.nasdaq.com/symbol/gok",
"GPR","GeoPetro Resources Co","0.095","4299035","n/a","n/a","Energy","Oil & Gas Production","http://www.nasdaq.com/symbol/gpr",
"GIG","GigOptix, Inc.","2.54","55125620","n/a","n/a","Technology","Semiconductors","http://www.nasdaq.com/symbol/gig",
"GSB","GlobalSCAPE, Inc.","2.18","39867840","n/a","n/a","Technology","Computer Software: Prepackaged Software","http://www.nasdaq.com/symbol/gsb",
"GLOW","Glowpoint, Inc.","2.22","57249360","n/a","n/a","Public Utilities","Telecommunications Equipment","http://www.nasdaq.com/symbol/glow",
"GRZ","Gold Reserve Inc","3.47","207318620","n/a","n/a","Basic Industries","Precious Metals","http://www.nasdaq.com/symbol/grz",
"GORO","Gold Resource Corporation","17.5","925960000","n/a","n/a","Basic Industries","Precious Metals","http://www.nasdaq.com/symbol/goro",
"GSV","Gold Standard Ventures Corporation","2","121354000","n/a","n/a","Basic Industries","Mining & Quarrying of Nonmetallic Minerals (No Fuels)","http://www.nasdaq.com/symbol/gsv",
"AUMN","Golden Minerals Co.","4.14","147855960","n/a","n/a","Basic Industries","Precious Metals","http://www.nasdaq.com/symbol/aumn",
"GSS","Golden Star Resources, Ltd","1.18","305457160","n/a","n/a","Basic Industries","Precious Metals","http://www.nasdaq.com/symbol/gss",
"GV","Goldfield Corporation (The)","2.02","51411020","n/a","n/a","Public Utilities","Water Supply","http://www.nasdaq.com/symbol/gv",
"GRC","Gorman-Rupp Company (The)","30.67","643793970","n/a","n/a","Capital Goods","Fluid Controls","http://www.nasdaq.com/symbol/grc",
"GHM","Graham Corporation","17.17","171322260","n/a","n/a","Technology","Industrial Machinery/Components","http://www.nasdaq.com/symbol/ghm",
"GTE","Gran Tierra Energy Inc.","4.42","1177819500","n/a","n/a","Energy","Oil & Gas Production","http://www.nasdaq.com/symbol/gte",
"GBG","Great Basin Gold, Ltd.","0.59","280681290","n/a","n/a","Basic Industries","Precious Metals","http://www.nasdaq.com/symbol/gbg",
"GPL","Great Panther Silver Limited","1.61","221416860","n/a","n/a","Basic Industries","Precious Metals","http://www.nasdaq.com/symbol/gpl",
"GRH","GreenHunter Energy Inc","1.96","55034840","n/a","n/a","Basic Industries","Major Chemicals","http://www.nasdaq.com/symbol/grh",
"SIM","Grupo Simec, S.A. de C.V.","9.62","31774860","n/a","1993","Basic Industries","Steel/Iron Ore","http://www.nasdaq.com/symbol/sim",
"GVP","GSE Systems, Inc.","2.38","43796760","n/a","n/a","Technology","Computer Software: Prepackaged Software","http://www.nasdaq.com/symbol/gvp",
"HWG","Hallwood Group Incorporated","9.8","14945000","n/a","n/a","Basic Industries","Textiles","http://www.nasdaq.com/symbol/hwg",
"HEB","Hemispherx BioPharma, Inc.","0.36","48942000","n/a","n/a","Health Care","Biotechnology: Biological Products (No Diagnostic Substances)","http://www.nasdaq.com/symbol/heb",
"HLM^","Hillman Group Capital Trust","30.34","127974120","n/a","n/a","n/a","n/a","http://www.nasdaq.com/symbol/hlm^",
"HKN","HKN, Inc.","2.25","39510000","n/a","n/a","Energy","Oil & Gas Production","http://www.nasdaq.com/symbol/hkn",
"HMG","HMG/Courtland Properties, Inc.","5.01","5060100","n/a","n/a","Consumer Services","Real Estate Investment Trusts","http://www.nasdaq.com/symbol/hmg",
"HH","Hooper Holmes, Inc.","0.67","46678900","n/a","n/a","Health Care","Hospital/Nursing Management","http://www.nasdaq.com/symbol/hh",
"HUSA","Houston American Energy Corporation","0.9","33628500","n/a","n/a","Energy","Oil & Gas Production","http://www.nasdaq.com/symbol/husa",
"IBIO","iBio, Inc.","0.92","43945640","n/a","n/a","Consumer Durables","Major Pharmaceuticals","http://www.nasdaq.com/symbol/ibio",
"IBO","IBO (Listing Market - NYSE Amex Network B F)","n/a","0","n/a","n/a","n/a","n/a","http://www.nasdaq.com/symbol/ibo",
"IEC","IEC Electronics Corp.","6.12","60722640","n/a","n/a","Technology","Electrical Products","http://www.nasdaq.com/symbol/iec",
"IG","IGI Laboratories, Inc.","0.9975","39413220","n/a","n/a","Health Care","Biotechnology: Biological Products (No Diagnostic Substances)","http://www.nasdaq.com/symbol/ig",
"IMUC","ImmunoCellular Therapeutics, Ltd.","3.4","135350600","n/a","n/a","Consumer Durables","Major Pharmaceuticals","http://www.nasdaq.com/symbol/imuc",
"IMH","Impac Mortgage Holdings, Inc.","2.046","16050870","n/a","1995","Consumer Services","Real Estate Investment Trusts","http://www.nasdaq.com/symbol/imh",
"IMO","Imperial Oil Limited","43.14","36582720000","n/a","n/a","Energy","Integrated oil Companies","http://www.nasdaq.com/symbol/imo",
"IOT","Income Opportunity Realty Trust","1.78","7419040","n/a","n/a","Consumer Services","Real Estate Investment Trusts","http://www.nasdaq.com/symbol/iot",
"IGC","India Globalization Capital Inc.","0.23","13814260","n/a","1987","Basic Industries","Military/Government/Technical","http://www.nasdaq.com/symbol/igc",
"IGC/U","India Globalization Capital Inc.","0.26","0","n/a","n/a","n/a","n/a","http://www.nasdaq.com/symbol/igc/u",
"IGC/WS","India Globalization Capital Inc.","0.0114","0","n/a","n/a","n/a","n/a","http://www.nasdaq.com/symbol/igc/ws",
"INFU","InfuSystems Holdings, Inc.","1.98","41843340","n/a","1992","Health Care","Medical/Dental Instruments","http://www.nasdaq.com/symbol/infu",
"INV","Innovaro Inc","0.79","11935320","n/a","1997","Consumer Services","Professional Services","http://www.nasdaq.com/symbol/inv",
"IHT","InnSuites Hospitality Trust","2.3","19313100","n/a","n/a","Consumer Services","Real Estate Investment Trusts","http://www.nasdaq.com/symbol/iht",
"INO","Inovio Pharmaceuticals, Inc.","0.5219","70439799.2","n/a","n/a","Health Care","Medical/Dental Instruments","http://www.nasdaq.com/symbol/ino",
"IFMI","Institutional Financial Markets, Inc.","0.99","12606660","n/a","n/a","Finance","Investment Bankers/Brokers/Service","http://www.nasdaq.com/symbol/ifmi",
"IDN","Intellicheck Mobilisia, Inc.","1.45","39821350","n/a","1999","Technology","Computer Software: Prepackaged Software","http://www.nasdaq.com/symbol/idn",
"INS","Intelligent Systems Corporation","1.78","15945240","n/a","1992","Capital Goods","Metal Fabrications","http://www.nasdaq.com/symbol/ins",
"THM","International Tower Hill Mines Ltd","2.7","234046800","n/a","1984","Basic Industries","Precious Metals","http://www.nasdaq.com/symbol/thm",
"INUV","Inuvo, Inc","0.56","13149920","n/a","n/a","Consumer Services","Advertising","http://www.nasdaq.com/symbol/inuv",
"VKI","Invesco Van Kampen Advantage Municipal Income Trust II","13.54","598278440","n/a","n/a","n/a","n/a","http://www.nasdaq.com/symbol/vki",
"VMV","Invesco Van Kampen Massachusetts Value Municipal Income Trust","13.82","37327820","n/a","n/a","n/a","n/a","http://www.nasdaq.com/symbol/vmv",
"VKL","Invesco Van Kampen Select Sector Municipal Trust","13.37","203103670","n/a","1993","n/a","n/a","http://www.nasdaq.com/symbol/vkl",
"ICH","Investors Capital Holdings, Ltd.","4.1399","27675231.5","n/a","1997","Finance","Finance/Investors Services","http://www.nasdaq.com/symbol/ich",
"IPT","iParty Corporation","0.19","4639420","n/a","n/a","Consumer Services","Other Specialty Stores","http://www.nasdaq.com/symbol/ipt",
"ISR","IsoRay, Inc.","1.04","30488640","n/a","n/a","Health Care","Medical/Dental Instruments","http://www.nasdaq.com/symbol/isr",
"ITI","Iteris, Inc.","1.45","49297100","n/a","n/a","Consumer Durables","Telecommunications Equipment","http://www.nasdaq.com/symbol/iti",
"KGN","Keegan Resources Inc","2.8","211528800","n/a","n/a","Basic Industries","Mining & Quarrying of Nonmetallic Minerals (No Fuels)","http://www.nasdaq.com/symbol/kgn",
"KBX","Kimber Resources Inc","0.692","53412020","n/a","n/a","Basic Industries","Mining & Quarrying of Nonmetallic Minerals (No Fuels)","http://www.nasdaq.com/symbol/kbx",
"KXM","Kobex Minerals Inc.","0.57","26266740","n/a","n/a","Basic Industries","Precious Metals","http://www.nasdaq.com/symbol/kxm",
"LTS","Ladenburg Thalmann Financial Services Inc","1.56","286918320","n/a","n/a","Finance","Investment Bankers/Brokers/Service","http://www.nasdaq.com/symbol/lts",
"LSG","Lake Shore Gold Corp","0.994","397768980","n/a","n/a","n/a","n/a","http://www.nasdaq.com/symbol/lsg",
"LCI","Lannett Co Inc","4.98","141257700","n/a","n/a","Consumer Durables","Major Pharmaceuticals","http://www.nasdaq.com/symbol/lci",
"LAQ","Latin America Equity Fund, Inc. (The)","32.57","242613930","n/a","1991","n/a","n/a","http://www.nasdaq.com/symbol/laq",
"LGL","LGL Group, Inc. (The)","6.342","16489200","n/a","n/a","Capital Goods","Industrial Machinery/Components","http://www.nasdaq.com/symbol/lgl",
"LBY","Libbey, Inc.","14.75","302670000","n/a","1993","Capital Goods","Industrial Machinery/Components","http://www.nasdaq.com/symbol/lby",
"LON","Loncor Resources Inc.","1","59345000","n/a","n/a","Basic Industries","Precious Metals","http://www.nasdaq.com/symbol/lon",
"LPH","Longwei Petroleum Investment Holding Limited","1.28","128981760","n/a","1973","Energy","Oil Refining/Marketing","http://www.nasdaq.com/symbol/lph",
"LEI","Lucas Energy, Inc.","1.53","34770780","n/a","n/a","Energy","Oil & Gas Production","http://www.nasdaq.com/symbol/lei",
"MCZ","Mad Catz Interactive Inc","0.684","43408008","n/a","n/a","Consumer Non-Durables","Recreational Products/Toys","http://www.nasdaq.com/symbol/mcz",
"MVG","Mag Silver Corporation","9.04","503229680","n/a","n/a","Basic Industries","Precious Metals","http://www.nasdaq.com/symbol/mvg",
"MHR^C","Magnum Hunter Resources Corporation","25.8274","103309600","n/a","n/a","n/a","n/a","http://www.nasdaq.com/symbol/mhr^c",
"MHR^D","Magnum Hunter Resources Corporation","43.8099","0","n/a","n/a","n/a","n/a","http://www.nasdaq.com/symbol/mhr^d",
"MHE","Massachusetts Health and Education Tax-Exempt Trust","15.454","36409624","n/a","1993","n/a","n/a","http://www.nasdaq.com/symbol/mhe",
"MHH","Mastech Holdings, Inc","5.71","17986500","n/a","n/a","Consumer Services","Professional Services","http://www.nasdaq.com/symbol/mhh",
"MDGN","Medgenics, Inc.","14.2","138776600","n/a","n/a","Health Care","Biotechnology: Biological Products (No Diagnostic Substances)","http://www.nasdaq.com/symbol/mdgn",
"MDGN/WS","Medgenics, Inc.","6.47","0","n/a","n/a","n/a","n/a","http://www.nasdaq.com/symbol/mdgn/ws",
"MEET","MeetMe, Inc.","2.01","72896670","n/a","n/a","Consumer Services","Advertising","http://www.nasdaq.com/symbol/meet",
"IPB","Merrill Lynch & Co., Inc.","26","39000000","n/a","n/a","Finance","Finance: Consumer Services","http://www.nasdaq.com/symbol/ipb",
"MEA","Metalico Inc","2.13","101294280","n/a","n/a","Basic Industries","Metal Fabrications","http://www.nasdaq.com/symbol/mea",
"MXC","Mexco Energy Corporation","5.9901","12195843.6","n/a","1972","Energy","Oil & Gas Production","http://www.nasdaq.com/symbol/mxc",
"CCA","MFS California Insured Municipal Trust","12.15","33849900","n/a","1984","n/a","n/a","http://www.nasdaq.com/symbol/cca",
"MGT","MGT Capital Investments Inc","4.603","9689315","n/a","n/a","Miscellaneous","Multi-Sector Companies","http://www.nasdaq.com/symbol/mgt",
"MSL","MidSouth Bancorp","14.73","154164180","n/a","n/a","Finance","Major Banks","http://www.nasdaq.com/symbol/msl",
"MDW","Midway Gold Corporation","1.42","162066020","n/a","n/a","Basic Industries","Precious Metals","http://www.nasdaq.com/symbol/mdw",
"MGH","Minco Gold Corporation","0.3853","19399084.4","n/a","n/a","Basic Industries","Precious Metals","http://www.nasdaq.com/symbol/mgh",
"MGN","Mines Management, Inc.","1.25","36173750","n/a","1985","Basic Industries","Precious Metals","http://www.nasdaq.com/symbol/mgn",
"MXA","Minnesota Municipal Income Portfolio Inc.","17.83","73941010","n/a","1993","n/a","n/a","http://www.nasdaq.com/symbol/mxa",
"MDM","Mountain Province Diamonds Inc.","4.57","368552220","n/a","n/a","Basic Industries","Precious Metals","http://www.nasdaq.com/symbol/mdm",
"MVF","MuniVest Fund, Inc.","11.11","700863240","n/a","1993","n/a","n/a","http://www.nasdaq.com/symbol/mvf",
"MZA","MuniYield Arizona Fund, Inc.","15.68","71563520","n/a","1993","n/a","n/a","http://www.nasdaq.com/symbol/mza",
"NHC","National HealthCare Corporation","46.67","652586610","n/a","n/a","Health Care","Hospital/Nursing Management","http://www.nasdaq.com/symbol/nhc",
"NHC^A","National HealthCare Corporation","14.9","161530900","n/a","n/a","n/a","n/a","http://www.nasdaq.com/symbol/nhc^a",
"NAVB","Navidea Biopharmaceuticals, Inc.","4.66","451134600","n/a","n/a","Health Care","Biotechnology: In Vitro & In Vivo Diagnostic Substances","http://www.nasdaq.com/symbol/navb",
"NBS","Neostem, Inc.","0.67","88844010","n/a","n/a","Health Care","Hospital/Nursing Management","http://www.nasdaq.com/symbol/nbs",
"NBW","Neuberger Berman California Intermediate Municipal Fund Inc.","16.55","91173950","n/a","2002","n/a","n/a","http://www.nasdaq.com/symbol/nbw",
"NHS","Neuberger Berman High Yield Strategies Fund","14.5","177697500","n/a","n/a","n/a","n/a","http://www.nasdaq.com/symbol/nhs",
"NBH","Neuberger Berman Intermediate Municipal Fund Inc.","16.7848","313472924.8","n/a","2002","n/a","n/a","http://www.nasdaq.com/symbol/nbh",
"NBO","Neuberger Berman New York Intermediate Municipal Fund Inc.","16.1","81256700","n/a","2002","n/a","n/a","http://www.nasdaq.com/symbol/nbo",
"NRO","Neuberger Berman Real Estate Securities Income Fund, Inc.","4.61","270717640","n/a","2003","n/a","n/a","http://www.nasdaq.com/symbol/nro",
"CUR","Neuralstem, Inc.","0.92","49767400","n/a","1973","Health Care","Biotechnology: Biological Products (No Diagnostic Substances)","http://www.nasdaq.com/symbol/cur",
"UWN","Nevada Gold & Casinos, Inc.","1.12","17801280","n/a","n/a","Consumer Services","Services-Misc. Amusement & Recreation","http://www.nasdaq.com/symbol/uwn",
"NSU","Nevsun Resources Ltd","2.91","582742050","n/a","n/a","Basic Industries","Precious Metals","http://www.nasdaq.com/symbol/nsu",
"GBR","New Concept Energy, Inc","1.03","2005410","n/a","n/a","Energy","Oil & Gas Production","http://www.nasdaq.com/symbol/gbr",
"NEWN","New Energy Systems Group.","0.51","7421520","n/a","n/a","Energy","Industrial Machinery/Components","http://www.nasdaq.com/symbol/newn",
"NEN","New England Realty Associates Limited Partnership","26.51","2783550","n/a","n/a","Consumer Services","Building operators","http://www.nasdaq.com/symbol/nen",
"NGD","NEW GOLD INC.","10.09","4658553000","n/a","n/a","Basic Industries","Precious Metals","http://www.nasdaq.com/symbol/ngd",
"PAL","North American Palladium, Ltd.","1.78","289874780","n/a","2000","Basic Industries","Precious Metals","http://www.nasdaq.com/symbol/pal",
"NAK","Northern Dynasty Minerals, Ltd.","2.57","244096030","n/a","n/a","Basic Industries","Precious Metals","http://www.nasdaq.com/symbol/nak",
"NOG","Northern Oil and Gas, Inc.","16","1016144000","n/a","n/a","Energy","Oil & Gas Production","http://www.nasdaq.com/symbol/nog",
"NBY","NovaBay Pharmaceuticals, Inc.","1.316","38086356","n/a","2007","Consumer Durables","Major Pharmaceuticals","http://www.nasdaq.com/symbol/nby",
"NCQ","NovaCopper Inc.","1.86","0","n/a","n/a","Basic Industries","Precious Metals","http://www.nasdaq.com/symbol/ncq",
"NG","Novagold Resources Inc New","5.66","1581630400","n/a","n/a","Basic Industries","Precious Metals","http://www.nasdaq.com/symbol/ng",
"NTN","NTN Buzztime, Inc.","0.14","9939720","n/a","n/a","Consumer Services","Broadcasting","http://www.nasdaq.com/symbol/ntn",
"NLP","NTS Realty Holdings Limited Partnership","3.03","33617850","n/a","n/a","Consumer Services","Real Estate Investment Trusts","http://www.nasdaq.com/symbol/nlp",
"NTS","NTS, Inc.","0.665","27389355","n/a","n/a","Consumer Services","Telecommunications Equipment","http://www.nasdaq.com/symbol/nts",
"NEA","Nuveen AMT-Free Municipal Income Fund","15.25","339175250","n/a","2002","n/a","n/a","http://www.nasdaq.com/symbol/nea",
"NFZ","Nuveen Arizona Dividend Advantage Municipal Fund","15.18","23498640","n/a","2001","n/a","n/a","http://www.nasdaq.com/symbol/nfz",
"NFZ^C","Nuveen Arizona Dividend Advantage Municipal Fund","10.05","0","n/a","n/a","n/a","n/a","http://www.nasdaq.com/symbol/nfz^c",
"NKR","Nuveen Arizona Dividend Advantage Municipal Fund 2","15.6896","38282624","n/a","2002","n/a","n/a","http://www.nasdaq.com/symbol/nkr",
"NXE","Nuveen Arizona Dividend Advantage Municipal Fund 3","15.0799","46234973.4","n/a","2002","n/a","n/a","http://www.nasdaq.com/symbol/nxe",
"NKX","Nuveen California AMT-Free Municipal Income Fund","15.24","89748360","n/a","2002","n/a","n/a","http://www.nasdaq.com/symbol/nkx",
"NVX","Nuveen California Dividend Advantage Municipal Fund 2","15.61","230200670","n/a","2001","n/a","n/a","http://www.nasdaq.com/symbol/nvx",
"NZH","Nuveen California Dividend Advantage Municipal Fund 3","14.05","339152950","n/a","n/a","n/a","n/a","http://www.nasdaq.com/symbol/nzh",
"NCB","Nuveen California Municipal Value Fund 2","16.66","54778080","n/a","n/a","n/a","n/a","http://www.nasdaq.com/symbol/ncb",
"NCU","Nuveen California Premium Income Municipal Fund","15.19","87053890","n/a","1993","n/a","n/a","http://www.nasdaq.com/symbol/ncu",
"CFD","Nuveen Diversified Commodity Fund","21.9399","202263938.1","n/a","1998","Finance","Investment Bankers/Brokers/Service","http://www.nasdaq.com/symbol/cfd",
"NXZ","Nuveen Dividend Advantage Municipal Fund 2","15.85","466972700","n/a","2001","n/a","n/a","http://www.nasdaq.com/symbol/nxz",
"NZF","Nuveen Dividend Advantage Municipal Fund 3","15.4","622036800","n/a","2007","n/a","n/a","http://www.nasdaq.com/symbol/nzf",
"NVG","Nuveen Dividend Advantage Municipal Income Fund","15.63","465820890","n/a","2002","n/a","n/a","http://www.nasdaq.com/symbol/nvg",
"NKG","Nuveen Georgia Dividend Advantage Municipal Fund 2","14.4496","65817928","n/a","2002","n/a","n/a","http://www.nasdaq.com/symbol/nkg",
"NKG^E","Nuveen Georgia Dividend Advantage Municipal Fund 2","10.07","0","n/a","n/a","n/a","n/a","http://www.nasdaq.com/symbol/nkg^e",
"NFM","Nuveen Maryland Dividend Advantage Municipal Fund","15.11","63416670","n/a","2001","n/a","n/a","http://www.nasdaq.com/symbol/nfm",
"NZR","Nuveen Maryland Dividend Advantage Municipal Fund 2","15.71","66029130","n/a","n/a","n/a","n/a","http://www.nasdaq.com/symbol/nzr",
"NWI","Nuveen Maryland Dividend Advantage Municipal Fund 3","15.33","82260780","n/a","2002","n/a","n/a","http://www.nasdaq.com/symbol/nwi",
"NGX","Nuveen Massachusetts AMT-Free Municipal Income Fund","14.7745","40290061.5","n/a","2002","n/a","n/a","http://www.nasdaq.com/symbol/ngx",
"NMB","Nuveen Massachusetts Dividend Advantage Municipal Fund","15.54","30551640","n/a","2001","n/a","n/a","http://www.nasdaq.com/symbol/nmb",
"NMB^C","Nuveen Massachusetts Dividend Advantage Municipal Fund","10.1","0","n/a","n/a","n/a","n/a","http://www.nasdaq.com/symbol/nmb^c",
"NZW","Nuveen Michigan Dividend Advantage Municipal Fund","14.82","30425460","n/a","n/a","n/a","n/a","http://www.nasdaq.com/symbol/nzw",
"NZW^C","Nuveen Michigan Dividend Advantage Municipal Fund","10.07","0","n/a","n/a","n/a","n/a","http://www.nasdaq.com/symbol/nzw^c",
"NOM","Nuveen Missouri Premium Income Municipal Fund","17.5325","40710465","n/a","1993","n/a","n/a","http://www.nasdaq.com/symbol/nom",
"NMZ","Nuveen Municipal High Income Opportunity Fund","13.6","379059200","n/a","2003","n/a","n/a","http://www.nasdaq.com/symbol/nmz",
"NXJ","Nuveen New Jersey Dividend Advantage Municipal Fund","15.65","102820500","n/a","2001","n/a","n/a","http://www.nasdaq.com/symbol/nxj",
"NUJ","Nuveen New Jersey Dividend Advantage Municipal Fund 2","16.52","74719960","n/a","1991","n/a","n/a","http://www.nasdaq.com/symbol/nuj",
"NJV","Nuveen New Jersey Municipal Value Fund","16.94","26443340","n/a","n/a","n/a","n/a","http://www.nasdaq.com/symbol/njv",
"NRK","Nuveen New York AMT-Free Municipal Income Fund","15.15","53131050","n/a","2002","n/a","n/a","http://www.nasdaq.com/symbol/nrk",
"NXK","Nuveen New York Dividend Advantage Municipal Fund 2","15.1299","98177921.1","n/a","2001","n/a","n/a","http://www.nasdaq.com/symbol/nxk",
"NKO","Nuveen New York Dividend Advantage Municipal Income Fund","15.64","124134680","n/a","2002","n/a","n/a","http://www.nasdaq.com/symbol/nko",
"NYV","Nuveen New York Municipal Value Fund 2","16.04","37645880","n/a","2009","n/a","n/a","http://www.nasdaq.com/symbol/nyv",
"NXI","Nuveen Ohio Dividend Advantage Municipal Fund","16.09","68334230","n/a","2001","n/a","n/a","http://www.nasdaq.com/symbol/nxi",
"NXI^D","Nuveen Ohio Dividend Advantage Municipal Fund","10.2","0","n/a","n/a","n/a","n/a","http://www.nasdaq.com/symbol/nxi^d",
"NBJ","Nuveen Ohio Dividend Advantage Municipal Fund 2","15.63","48796860","n/a","n/a","n/a","n/a","http://www.nasdaq.com/symbol/nbj",
"NBJ^A","Nuveen Ohio Dividend Advantage Municipal Fund 2","10.09","0","n/a","n/a","n/a","n/a","http://www.nasdaq.com/symbol/nbj^a",
"NVJ","Nuveen Ohio Dividend Advantage Municipal Fund 3","15.98","34484840","n/a","2002","n/a","n/a","http://www.nasdaq.com/symbol/nvj",
"NVJ^A","Nuveen Ohio Dividend Advantage Municipal Fund 3","10.08","0","n/a","n/a","n/a","n/a","http://www.nasdaq.com/symbol/nvj^a",
"NXM","Nuveen Pennsylvania Dividend Advantage Municipal Fund","14.948","49657256","n/a","2001","n/a","n/a","http://www.nasdaq.com/symbol/nxm",
"NVY","Nuveen Pennsylvania Dividend Advantage Municipal Fund 2","14.958","55733508","n/a","1993","n/a","n/a","http://www.nasdaq.com/symbol/nvy",
"NPN","Nuveen Pennsylvania Municipal Value Fund","15.79","19248010","n/a","1992","n/a","n/a","http://www.nasdaq.com/symbol/npn",
"JRS","Nuveen Real Estate Fund","11.41","326497150","n/a","2001","n/a","n/a","http://www.nasdaq.com/symbol/jrs",
"NGB","Nuveen Virginia Dividend Advantage Municipal Fund","16.5401","52035154.6","n/a","2001","n/a","n/a","http://www.nasdaq.com/symbol/ngb",
"NNB","Nuveen Virginia Dividend Advantage Municipal Fund 2","16.9","97022900","n/a","2001","n/a","n/a","http://www.nasdaq.com/symbol/nnb",
"OBT","Orbital Corporation Limited","3.34","2014020","n/a","n/a","Miscellaneous","Multi-Sector Companies","http://www.nasdaq.com/symbol/obt",
"TIS","Orchids Paper Products Company","18.05","135988700","n/a","1988","Basic Industries","Paper","http://www.nasdaq.com/symbol/tis",
"ONP","Orient Paper, Inc.","2.37","43750200","n/a","n/a","Consumer Durables","Containers/Packaging","http://www.nasdaq.com/symbol/onp",
"OESX","Orion Energy Systems, Inc.","2.24","50538880","n/a","2007","Consumer Durables","Building Products","http://www.nasdaq.com/symbol/oesx",
"OFI","Overhill Farms, Inc.","4.03","63766690","n/a","n/a","Consumer Non-Durables","Packaged Foods","http://www.nasdaq.com/symbol/ofi",
"PHF","Pacholder High Yield Fund, Inc.","9.3","120611700","n/a","1988","n/a","n/a","http://www.nasdaq.com/symbol/phf",
"PBM","Pacific Booker Minerals Inc","12.3","150256800","n/a","n/a","Basic Industries","Precious Metals","http://www.nasdaq.com/symbol/pbm",
"PCG^A","Pacific Gas & Electric Co.","31.62","182921700","n/a","n/a","n/a","n/a","http://www.nasdaq.com/symbol/pcg^a",
"PCG^B","Pacific Gas & Electric Co.","28.23","33113790","n/a","n/a","n/a","n/a","http://www.nasdaq.com/symbol/pcg^b",
"PCG^C","Pacific Gas & Electric Co.","25.63","10252000","n/a","n/a","n/a","n/a","http://www.nasdaq.com/symbol/pcg^c",
"PCG^D","Pacific Gas & Electric Co.","25.3","44983400","n/a","n/a","n/a","n/a","http://www.nasdaq.com/symbol/pcg^d",
"PCG^E","Pacific Gas & Electric Co.","25.8","31450200","n/a","n/a","n/a","n/a","http://www.nasdaq.com/symbol/pcg^e",
"PCG^G","Pacific Gas & Electric Co.","25.86","20506980","n/a","n/a","n/a","n/a","http://www.nasdaq.com/symbol/pcg^g",
"PCG^H","Pacific Gas & Electric Co.","24.89","15207790","n/a","n/a","n/a","n/a","http://www.nasdaq.com/symbol/pcg^h",
"PCG^I","Pacific Gas & Electric Co.","24.25","10136500","n/a","n/a","n/a","n/a","http://www.nasdaq.com/symbol/pcg^i",
"PPW^","PacifiCorp","104.85","13211100","n/a","n/a","Public Utilities","Electric Utilities: Central","http://www.nasdaq.com/symbol/ppw^",
"PTN","Palatin Technologies, Inc.","0.72","25128720","n/a","1997","Consumer Durables","Major Pharmaceuticals","http://www.nasdaq.com/symbol/ptn",
"PZG","Paramount Gold and Silver Corp.","2.36","347833320","n/a","n/a","Basic Industries","Precious Metals","http://www.nasdaq.com/symbol/pzg",
"PCYG","Park City Group, Inc.","3.7284","44405244","n/a","n/a","Technology","EDP Services","http://www.nasdaq.com/symbol/pcyg",
"PRK","Park National Corporation","69.41","1069330460","n/a","n/a","Finance","Major Banks","http://www.nasdaq.com/symbol/prk",
"PTX","Pernix Therapeutics Holdings, Inc.","8","232544000","n/a","1993","Consumer Durables","Major Pharmaceuticals","http://www.nasdaq.com/symbol/ptx",
"PIP","PharmAthene, Inc","1.5994","77306999","n/a","1973","Consumer Durables","Major Pharmaceuticals","http://www.nasdaq.com/symbol/pip",
"HNW","Pioneer Diversified High Income Trust","20.68","170527280","n/a","2007","n/a","n/a","http://www.nasdaq.com/symbol/hnw",
"PLG","Platinum Group Metals Ltd.","0.7998","142032483","n/a","1989","Basic Industries","Precious Metals","http://www.nasdaq.com/symbol/plg",
"PCC","PMC Commercial Trust","8.12","85950200","n/a","1993","Consumer Services","Real Estate Investment Trusts","http://www.nasdaq.com/symbol/pcc",
"PLM","Polymet Mining Corp.","0.99","172990620","n/a","n/a","Basic Industries","Precious Metals","http://www.nasdaq.com/symbol/plm",
"PW","Power REIT","8.69","14103870","n/a","n/a","Consumer Services","Real Estate Investment Trusts","http://www.nasdaq.com/symbol/pw",
"APTS","Preferred Apartment Communities, Inc.","7.8592","40694937.6","n/a","n/a","Consumer Services","Real Estate Investment Trusts","http://www.nasdaq.com/symbol/apts",
"PBTH","PROLOR Biotech, Inc.","5.05","279860900","n/a","n/a","Consumer Durables","Major Pharmaceuticals","http://www.nasdaq.com/symbol/pbth",
"PLX","Protalix BioTherapeutics, Inc.","5.72","525576480","n/a","n/a","Health Care","Biotechnology: Biological Products (No Diagnostic Substances)","http://www.nasdaq.com/symbol/plx",
"PDO","Pyramid Oil Co","4.4","20609600","n/a","n/a","Energy","Oil & Gas Production","http://www.nasdaq.com/symbol/pdo",
"QMM","Quaterra Resources Inc","0.36","54847080","n/a","n/a","Basic Industries","Precious Metals","http://www.nasdaq.com/symbol/qmm",
"QRM","Quest Rare Minerals Ltd","1.29","79631700","n/a","n/a","Basic Industries","Precious Metals","http://www.nasdaq.com/symbol/qrm",
"RLGT","Radiant Logistics, Inc.","1.86","61125180","n/a","n/a","Transportation","Oil Refining/Marketing","http://www.nasdaq.com/symbol/rlgt",
"REE","Rare Element Resources Ltd.","4.8","213000000","n/a","1992","Basic Industries","Precious Metals","http://www.nasdaq.com/symbol/ree",
"UTG","Reaves Utility Income Fund","25.6","588620800","n/a","2004","n/a","n/a","http://www.nasdaq.com/symbol/utg",
"UTG~","Reaves Utility Income Fund","0.1505","0","n/a","n/a","n/a","n/a","http://www.nasdaq.com/symbol/utg~",
"RWC","RELM Wireless Corporation","1.653","22386579","n/a","n/a","Technology","Radio And Television Broadcasting And Communications Equipment","http://www.nasdaq.com/symbol/rwc",
"RCG","Renaissance Capital Growth & Income Fund III, Inc.","1.65","7365600","n/a","n/a","n/a","n/a","http://www.nasdaq.com/symbol/rcg",
"RTK","Rentech, Inc.","2.02","461400320","n/a","1991","Basic Industries","Agricultural Chemicals","http://www.nasdaq.com/symbol/rtk",
"RVP","Retractable Technologies, Inc.","1.06","26838140","n/a","n/a","Health Care","Medical/Dental Instruments","http://www.nasdaq.com/symbol/rvp",
"RVM","Revett Minerals Inc.","3.45","117914100","n/a","n/a","Basic Industries","Precious Metals","http://www.nasdaq.com/symbol/rvm",
"RNN","Rexahn Pharmaceuticals, Inc.","0.475","45289350","n/a","n/a","Consumer Durables","Major Pharmaceuticals","http://www.nasdaq.com/symbol/rnn",
"RIC","Richmont Mines, Inc.","3.4778","115149958","n/a","n/a","Basic Industries","Precious Metals","http://www.nasdaq.com/symbol/ric",
"RIF","RMR Real Estate Income Fund.","17.3","30361500","n/a","2002","n/a","n/a","http://www.nasdaq.com/symbol/rif",
"RPI","Roberts Realty Investors, Inc.","1.43","14907750","n/a","n/a","Consumer Services","Real Estate Investment Trusts","http://www.nasdaq.com/symbol/rpi",
"RBY","Rubicon Minerals Corp","2.95","701967250","n/a","n/a","Basic Industries","Precious Metals","http://www.nasdaq.com/symbol/rby",
"BQY","S&P Quality Rankings Glbl Equ Mngd Tr","12.36","367907760","n/a","2004","n/a","n/a","http://www.nasdaq.com/symbol/bqy",
"SGA","Saga Communications, Inc.","35.65","130193800","n/a","1992","Consumer Services","Broadcasting","http://www.nasdaq.com/symbol/sga",
"SAL","Salisbury Bancorp, Inc.","25.05","42309450","n/a","n/a","Finance","Savings Institutions","http://www.nasdaq.com/symbol/sal",
"SSN","Samson Oil & Gas Limited","1.23","65855430","n/a","n/a","Energy","Oil & Gas Production","http://www.nasdaq.com/symbol/ssn",
"SDO^A","San Diego Gas & Electric Company","24.9","9337500","n/a","n/a","n/a","n/a","http://www.nasdaq.com/symbol/sdo^a",
"SDO^B","San Diego Gas & Electric Company","22.75","6825000","n/a","n/a","n/a","n/a","http://www.nasdaq.com/symbol/sdo^b",
"SDO^C","San Diego Gas & Electric Company","20.68","6721000","n/a","n/a","n/a","n/a","http://www.nasdaq.com/symbol/sdo^c",
"SDO^H","San Diego Gas & Electric Company","31.35","20064000","n/a","n/a","n/a","n/a","http://www.nasdaq.com/symbol/sdo^h",
"SARA","Saratoga Resources Inc","5.43","148157550","n/a","n/a","Energy","Oil & Gas Production","http://www.nasdaq.com/symbol/sara",
"SEB","Seaboard Corporation","2171.01","2618238060","n/a","1996","Finance","Investment Bankers/Brokers/Service","http://www.nasdaq.com/symbol/seb",
"IDI","SearchMedia Holdings Limited","1.23","22721790","n/a","n/a","Consumer Services","Advertising","http://www.nasdaq.com/symbol/idi",
"IDI/U","SearchMedia Holdings Limited","3.5","0","n/a","n/a","n/a","n/a","http://www.nasdaq.com/symbol/idi/u",
"IDI/WS","SearchMedia Holdings Limited","0.09","0","n/a","n/a","n/a","n/a","http://www.nasdaq.com/symbol/idi/ws",
"SED","SED International Holdings Inc","2.32","11551280","n/a","n/a","Technology","Retail: Computer Software & Peripheral Equipment","http://www.nasdaq.com/symbol/sed",
"SNT","Senesco Technologies Inc","0.25","23430500","n/a","n/a","Health Care","Biotechnology: Commercial Physical & Biological Resarch","http://www.nasdaq.com/symbol/snt",
"SVT","Servotronics, Inc.","8.65","20647550","n/a","n/a","Capital Goods","Industrial Machinery/Components","http://www.nasdaq.com/symbol/svt",
"SIF","SIFCO Industries, Inc.","21.19","113366500","n/a","n/a","Capital Goods","Aerospace","http://www.nasdaq.com/symbol/sif",
"SVBL","Silver Bull Resources, Inc.","0.44","59910400","n/a","n/a","Basic Industries","Precious Metals","http://www.nasdaq.com/symbol/svbl",
"WWZ^K","SiM Internal Test 10","n/a","0","n/a","n/a","n/a","n/a","http://www.nasdaq.com/symbol/wwz^k",
"MMZ^K","SiM Internal Test 6","n/a","0","n/a","n/a","n/a","n/a","http://www.nasdaq.com/symbol/mmz^k",
"OOZ^K","SiM Internal Test 7","n/a","0","n/a","n/a","n/a","n/a","http://www.nasdaq.com/symbol/ooz^k",
"QQZ^K","SiM Internal Test 8","n/a","0","n/a","n/a","n/a","n/a","http://www.nasdaq.com/symbol/qqz^k",
"SS^K","SiM Internal Test 9","n/a","0","n/a","n/a","n/a","n/a","http://www.nasdaq.com/symbol/ss^k",
"SIHI","SinoHub, Inc","0.26","8698300","n/a","n/a","Consumer Non-Durables","Electronic Components","http://www.nasdaq.com/symbol/sihi",
"SLI","SL Industries, Inc.","15.78","70031640","n/a","n/a","Capital Goods","Industrial Machinery/Components","http://www.nasdaq.com/symbol/sli",
"ZXX","SM Listed Test 3","n/a","0","n/a","n/a","n/a","n/a","http://www.nasdaq.com/symbol/zxx",
"ZXX^F","SM Listed Test 3","n/a","0","n/a","n/a","n/a","n/a","http://www.nasdaq.com/symbol/zxx^f",
"XPL","Solitario Exploration & Royalty Corp","1.1779","40319517","n/a","n/a","Basic Industries","Precious Metals","http://www.nasdaq.com/symbol/xpl",
"SOQ","Sonde Resources Corp","1.61","100304610","n/a","n/a","Energy","Oil & Gas Production","http://www.nasdaq.com/symbol/soq",
"SCE^B","Southern California Edison Company","22.17","22170000","n/a","n/a","n/a","n/a","http://www.nasdaq.com/symbol/sce^b",
"SCE^C","Southern California Edison Company","23.1465","27775800","n/a","n/a","n/a","n/a","http://www.nasdaq.com/symbol/sce^c",
"SCE^D","Southern California Edison Company","24.3","40167900","n/a","n/a","n/a","n/a","http://www.nasdaq.com/symbol/sce^d",
"SCE^E","Southern California Edison Company","25.4","32943800","n/a","n/a","n/a","n/a","http://www.nasdaq.com/symbol/sce^e",
"SSE","Southern Connecticut Bancorp Inc","1.1001","3008773.5","n/a","n/a","Finance","Major Banks","http://www.nasdaq.com/symbol/sse",
"SGB","Southwest Georgia Financial Corporation","8.9","22677200","n/a","n/a","Finance","Major Banks","http://www.nasdaq.com/symbol/sgb",
"LOV","Spark Networks, Inc.","5.33","109782010","n/a","n/a","Miscellaneous","Business Services","http://www.nasdaq.com/symbol/lov",
"SILU","Sprott Resource Lending Corp.","1.42","218996660","n/a","n/a","Finance","Commercial Banks","http://www.nasdaq.com/symbol/silu",
"SSY","SunLink Health Systems, Inc.","1.19","11243120","n/a","n/a","Health Care","Hospital/Nursing Management","http://www.nasdaq.com/symbol/ssy",
"STS","Supreme Industries, Inc.","4.06","54761280","n/a","n/a","Capital Goods","Construction/Ag Equipment/Trucks","http://www.nasdaq.com/symbol/sts",
"SYRG","Synergy Resources Corporation","2.91","149600190","n/a","n/a","Energy","Oil & Gas Production","http://www.nasdaq.com/symbol/syrg",
"SYN","Synthetic Biologics, Inc","2.25","74286000","n/a","n/a","Consumer Durables","Major Pharmaceuticals","http://www.nasdaq.com/symbol/syn",
"TTTM","T3 Motion Inc","0.87","11228220","n/a","n/a","Capital Goods","Auto Manufacturing","http://www.nasdaq.com/symbol/tttm",
"TTTM/WS/W","T3 Motion Inc","n/a","0","n/a","n/a","n/a","n/a","http://www.nasdaq.com/symbol/tttm/ws/w",
"TTTM/WS/Z","T3 Motion Inc","n/a","0","n/a","n/a","n/a","n/a","http://www.nasdaq.com/symbol/tttm/ws/z",
"TLB/WS","Talbots, Inc. (The)","0.0006","0","n/a","n/a","n/a","n/a","http://www.nasdaq.com/symbol/tlb/ws",
"TRX","Tanzanian Royalty Exploration Corporation","4.12","412090640","n/a","2005","Basic Industries","Precious Metals","http://www.nasdaq.com/symbol/trx",
"TGB","Taseko Mines Limited","2.6","510913000","n/a","n/a","Basic Industries","Precious Metals","http://www.nasdaq.com/symbol/tgb",
"TAS","Tasman Metals Ltd","1.38","80927340","n/a","n/a","Basic Industries","Precious Metals","http://www.nasdaq.com/symbol/tas",
"TSH","Teche Holding Company","39.24","80324280","n/a","n/a","Finance","Savings Institutions","http://www.nasdaq.com/symbol/tsh",
"TIK","Tel-Instrument Electronics Corp.","3.5","9436000","n/a","n/a","Capital Goods","Electrical Products","http://www.nasdaq.com/symbol/tik",
"TGC","Tengasco, Inc.","0.83","50411710","n/a","n/a","Energy","Oil & Gas Production","http://www.nasdaq.com/symbol/tgc",
"TF","Thai Capital Fund Inc","10.64","37931600","n/a","n/a","n/a","n/a","http://www.nasdaq.com/symbol/tf",
"TPI","Tianyin Pharmaceutical Co., Inc.","0.4801","14082773.3","n/a","1986","Consumer Durables","Major Pharmaceuticals","http://www.nasdaq.com/symbol/tpi",
"TLR","Timberline Resources Corporation","0.2849","17741292.8","n/a","1983","Basic Industries","Precious Metals","http://www.nasdaq.com/symbol/tlr",
"TGD","Timmons Gold Corp","1.73","242703430","n/a","n/a","Basic Industries","Precious Metals","http://www.nasdaq.com/symbol/tgd",
"TOF","Tofutti Brands Inc.","1.52","7834080","n/a","n/a","Consumer Non-Durables","Specialty Foods","http://www.nasdaq.com/symbol/tof",
"TMP","Tompkins Financial Corporation","38.22","466895520","n/a","n/a","Finance","Major Banks","http://www.nasdaq.com/symbol/tmp",
"TAT","Transatlantic Petroleum Ltd","1","366534000","n/a","n/a","Energy","Oil & Gas Production","http://www.nasdaq.com/symbol/tat",
"TA","TravelCenters of America LLC","4.95","142431300","n/a","n/a","Consumer Durables","Automotive Aftermarket","http://www.nasdaq.com/symbol/ta",
"TPLM","Triangle Petroleum Corporation","5.76","254839680","n/a","n/a","Energy","Oil & Gas Production","http://www.nasdaq.com/symbol/tplm",
"TRT","Trio-Tech International","1.4301","4750792.2","n/a","1984","Technology","Industrial Machinery/Components","http://www.nasdaq.com/symbol/trt",
"TCX","Tucows Inc.","1.23","56872740","n/a","n/a","Technology","EDP Services","http://www.nasdaq.com/symbol/tcx",
"TWO/WS","Two Harbors Investments Corp","0.4","0","n/a","n/a","n/a","n/a","http://www.nasdaq.com/symbol/two/ws",
"HTM","U.S. Geothermal Inc.","0.34","30245040","n/a","n/a","Public Utilities","Electric Utilities: Central","http://www.nasdaq.com/symbol/htm",
"UAMY","United States Antimony Corporation","3.06","186060240","n/a","n/a","Capital Goods","Metal Fabrications","http://www.nasdaq.com/symbol/uamy",
"UVE","UNIVERSAL INSURANCE HOLDINGS INC","3.29","132162590","n/a","n/a","Finance","Property-Casualty Insurers","http://www.nasdaq.com/symbol/uve",
"UPG","Universal Power Group Inc","1.95","9789000","n/a","2006","Consumer Non-Durables","Telecommunications Equipment","http://www.nasdaq.com/symbol/upg",
"UUU","Universal Security Instruments, Inc.","4.8999","11446166.4","n/a","n/a","Consumer Non-Durables","Electronic Components","http://www.nasdaq.com/symbol/uuu",
"UQM","UQM TECHNOLOGIES INC","0.9","32904900","n/a","n/a","Capital Goods","Industrial Machinery/Components","http://www.nasdaq.com/symbol/uqm",
"URG","Ur Energy Inc","0.68","70499000","n/a","n/a","Basic Industries","Precious Metals","http://www.nasdaq.com/symbol/urg",
"URZ","Uranerz Energy Corporation","1.37","105707830","n/a","n/a","Basic Industries","Precious Metals","http://www.nasdaq.com/symbol/urz",
"UEC","Uranium Energy Corp.","1.96","148854160","n/a","n/a","Basic Industries","Precious Metals","http://www.nasdaq.com/symbol/uec",
"VTG","Vantage Drilling Company","1.51","440744840","n/a","n/a","Energy","Oil & Gas Production","http://www.nasdaq.com/symbol/vtg",
"VSR","Versar, Inc.","3.08","29817480","n/a","1986","Consumer Services","Military/Government/Technical","http://www.nasdaq.com/symbol/vsr",
"VII","Vicon Industries, Inc.","3.25","14560000","n/a","n/a","Consumer Durables","Telecommunications Equipment","http://www.nasdaq.com/symbol/vii",
"VHC","VirnetX Holding Corp","35.25","1792920750","n/a","n/a","Miscellaneous","Multi-Sector Companies","http://www.nasdaq.com/symbol/vhc",
"VGZ","Vista Gold Corporation","3.02","215045140","n/a","n/a","Basic Industries","Precious Metals","http://www.nasdaq.com/symbol/vgz",
"VOG","Voyager Oil & Gas, Inc.","1.39","81242720","n/a","n/a","Energy","Oil & Gas Production","http://www.nasdaq.com/symbol/vog",
"VRNG","Vringo, Inc.","3.57","50194200","n/a","n/a","Consumer Services","Telecommunications Equipment","http://www.nasdaq.com/symbol/vrng",
"VRNG/WS","Vringo, Inc.","0.98","0","n/a","n/a","n/a","n/a","http://www.nasdaq.com/symbol/vrng/ws",
"WAC","Walter Investment Management Corp.","22.9","655924700","n/a","1991","Consumer Services","Real Estate Investment Trusts","http://www.nasdaq.com/symbol/wac",
"WSO/B","Watsco, Inc.","78.79","371022110","n/a","n/a","Consumer Durables","Industrial Machinery/Components","http://www.nasdaq.com/symbol/wso/b",
"EAD","Wells Fargo Advantage Income Opportunities Fund","10.25","722830000","n/a","2003","n/a","n/a","http://www.nasdaq.com/symbol/ead",
"ERC","Wells Fargo Advantage Multi-Sector Income Fund","15.6","656058000","n/a","2003","n/a","n/a","http://www.nasdaq.com/symbol/erc",
"ERH","Wells Fargo Advantage Utilities and High Income Fund","11.85","7356776250","n/a","2004","n/a","n/a","http://www.nasdaq.com/symbol/erh",
"WGA","Wells-Gardner Electronics Corporation","2.28","26593920","n/a","n/a","Technology","Radio And Television Broadcasting And Communications Equipment","http://www.nasdaq.com/symbol/wga",
"SBI","Western Asset Intermediate Muni Fund Inc","11.0233","154822248.5","n/a","1992","n/a","n/a","http://www.nasdaq.com/symbol/sbi",
"WRN","Western Copper and Gold Corporation","0.68","63242040","n/a","1994","Basic Industries","Precious Metals","http://www.nasdaq.com/symbol/wrn",
"RVR","White River Capital, Inc.","22.4","79408000","n/a","1984","Finance","Finance: Consumer Services","http://www.nasdaq.com/symbol/rvr",
"WYY","WidePoint Corporation","0.58","36671660","n/a","n/a","Technology","EDP Services","http://www.nasdaq.com/symbol/wyy",
"WMCO","Williams Controls, Inc.","11.1","81396300","n/a","1989","Capital Goods","Auto Parts:O.E.M.","http://www.nasdaq.com/symbol/wmco",
"WEX","Winland Electronics, Inc.","0.58","2147160","n/a","n/a","Capital Goods","Industrial Machinery/Components","http://www.nasdaq.com/symbol/wex",
"WTT","Wireless Telecom Group,  Inc.","1.26","30533580","n/a","n/a","Capital Goods","Electrical Products","http://www.nasdaq.com/symbol/wtt",
"WIS^","Wisconsin Power & Light Co.","107","10700000","n/a","n/a","Public Utilities","Power Generation","http://www.nasdaq.com/symbol/wis^",
"WZE","WIZZARD SOFTWARE CORPORATION","2.65","23039100","n/a","n/a","Technology","Computer Software: Prepackaged Software","http://www.nasdaq.com/symbol/wze",
"YMI","YM BioSciences, Inc.","1.99","232197180","n/a","n/a","Consumer Durables","Major Pharmaceuticals","http://www.nasdaq.com/symbol/ymi",
"ZBB","ZBB Energy Corporation","0.3301","13552255.5","n/a","2007","Public Utilities","Electric Utilities: Central","http://www.nasdaq.com/symbol/zbb",
